"التصنيفات","هل التصنيف فرعي ام لا","التصنيف الاساسي","اخفاء التصنيف","اخفاء التصنيف في التطبيق","اخفاء منتجات التصنيف","عنوان صفحة التصنيف (Page Title)","رابط مخصص للتصنيف (Page Link)","وصف صفحة التصنيف (Page Description)"
"عطور نسائية","نعم","العطور","لا","لا","لا","عطور نسائية فخمة | أفضل العطور النسائية الثابتة والجذابة 2025 | مهووس للعطور","عطور-نسائية","اكتشفي أرقى العطور النسائية الفاخرة والثابتة من مهووس. تشكيلة حصرية من أحدث العطور الجذابة لجميع المناسبات والماركات العالمية. تألقي برائحة لا تُنسى!"
"للرجال","نعم","العطور الأكثر مبيعاً","لا","لا","لا","افضل عطور رجالية مبيعا في مهووس | عطور رجالية رائدة ومشهورة","للرجال","اكتشف افضل عطور رجالية مبيعا في مهووس تسوق عطور رجالية رائدة ومشهورة عالميا التي حازت على اعجاب الالاف من الرجال"
"عطور رجالية قديمة","نعم","عطور قديمة","لا","لا","لا","عطور رجالية قديمة | أفخم العطور الرجالية الكلاسيكية النادرة | مهووس للعطور","عطور-رجالية-قديمة","اكتشف سحر العطور الرجالية القديمة والنادرة في مهووس. تسوق أفضل العطور الرجالية الكلاسيكية الأصلية التي تعكس الأناقة الخالدة والرقي الأصيل."
"عود طبيعي","نعم","العود و البخور","لا","لا","لا","عود طبيعي - أصالة ورائحة فاخرة | مهووس العطور","عود-طبيعي","اكتشف العود الطبيعي الفاخر من مهووس العطور، الذي يقدم لك تجربة عطرية أصيلة من قلب الطبيعة. استمتع برائحة غنية ودافئة تدوم طويلاً."
"معطرات هواء","نعم","معطرات المنازل","لا","لا","لا","معطرات هواء - رائحة منعشة لجو منزلك ومكتبك | مهووس العطور","معطرات-هواء","اكتشف معطرات هواء من مهووس العطور التي توفر لك جوًا منعشًا وأجواءً مريحة. اختر من بين مجموعة متنوعة من معطرات الجو الفاخرة التي تعطي رائحة ذكية تدوم طويلاً."
"عطور الشعر","نعم","للشعر والجسم","لا","لا","لا","عطور الشعر | أفضل معطرات شعر ثابتة وفواحة | مهووس","عطور-الشعر","اكتشفي عطور الشعر في مهووس تسوقي افضل معطرات الشعر التي تمنح خصلاتك رائحة ثابتة وفواحة وتزيد من لمعانها"
"اكسسوارات رجالية","نعم","إكسسوارات العطور","لا","لا","لا","إكسسوارات رجالية فاخرة - لمسة من الأناقة لرجلك | مهووس العطور","إكسسوارات-رجالية","كتشف إكسسوارات رجالية من مهووس العطور، حيث نقدم لك مجموعة مختارة من الأكسسوارات الفاخرة التي تضفي لمسة من الأناقة والرفاهية على إطلالتك."
"مجموعات عطور رجالية","نعم","مجموعات وأطقم هدايا","لا","لا","لا","مجموعات عطور رجالية | أفضل اطقم عطور هدايا للرجال | مهووس","مجموعات-عطور-رجالية","اكتشف مجموعات عطور رجالية في مهووس. تسوق اطقم عطور رجالية فاخرة ومميزة، مثالية لتقديمها كهدية راقية للرجال في جميع المناسبات."
"عينات عطور النيش","نعم","عطور عينات ميني","لا","لا","لا","عينات عطور النيش | افضل تستر عطور نيش أصلية | مهووس","عينات-عطور-النيش","اكتشف عينات عطور النيش في مهووس تسوق افضل تستر عطور نيش اصلية ومخفضة من اشهر الماركات العالمية لتعزز تميزك بذكاء"
"عطور رجالية جديدة","نعم","عطور رجالية","لا","لا","لا","‎جديد العطور الرجالية 2025 | أحدث إصدارات عطور الرجال | مهووس للعطور","‎عطور-رجالية-جديدة","‎اكتشف أحدث العطور الرجالية الجديدة لعام 2025 في مهووس. تصفح أجدد إصدارات الماركات العالمية الفاخرة التي وصلت حديثاً. كن أول من يتألق بعطر عصري!"
"عطور نسائية جديدة","نعم","عطور نسائية","لا","لا","لا","جديد العطور النسائية 2025 | أحدث إصدارات عطور النساء | مهووس للعطور","عطور-نسائية-جديدة","اكتشفي أحدث العطور النسائية الجديدة لعام 2025 في مهووس. تصفحي أجدد إصدارات الماركات العالمية الفاخرة التي وصلت حديثاً. كوني أول من يتألق بعطر عصري!"
"عطور النيش جديدة","نعم","عطور النيش","لا","لا","لا","جديد عطور النيش 2025 | أحدث إصدارات النيش الفاخرة | مهووس للعطور","عطور-النيش-جديدة","اكتشف أحدث عطور النيش الجديدة لعام 2025 في مهووس. تصفح أجدد الإصدارات الحصرية من دور النيش العالمية. كن أول من يقتني تحفة عطرية فريدة!"
"عطور التستر جديدة","نعم","عطور التستر","لا","لا","لا","جديد عطور التستر 2025 | أحدث عطور التستر الأصلية بأسعار مخفضة | مهووس للعطور","عطور-التستر-جديدة","اكتشف أحدث عطور التستر الجديدة لعام 2025 في مهووس. تصفح أجدد إصدارات عطور التستر الأصلية نسائية ورجالية بأسعار لا تقاوم."
"بدائل العطور جديدة","نعم","بدائل العطور","لا","لا","لا","جديد بدائل العطور 2025 | أحدث عطور طبق الأصل ومستوحاة | مهووس للعطور","بدائل-العطور-جديدة","اكتشف أحدث بدائل العطور الجديدة لعام 2025 في مهووس. تصفح أجدد إصدارات العطور طبق الأصل والمستوحاة من أشهر الماركات العالمية بأسعار مذهلة."
"عطور فرمونية جديدة","نعم","عطور فرمونية","لا","لا","لا","جديد العطور الفرمونية 2025 | أحدث عطر فرموني جذاب | مهووس للعطور","عطور-فرمونية-جديدة","اكتشف أحدث العطور الفرمونية الجديدة لعام 2025 في مهووس. تصفح أجدد إصدارات العطور الفرمونية النسائية والرجالية لتعزيز جاذبيتك وحضورك."
"عطور اطفال جديده","نعم","عطور الأطفال","لا","لا","لا","جديد عطور الأطفال 2025 | أحدث عطور الأطفال الآمنة | مهووس للعطور","عطور-اطفال-جديدة","اكتشفي أحدث عطور الأطفال الجديدة لعام 2025 في مهووس. تصفحي أجدد الإصدارات الآمنة والخالية من الكحول لأحبائك الصغار. روائح منعشة ومبهجة!"
"المكياج","نعم","الجمال و العناية","لا","لا","لا","المكياج | أفضل مستحضرات التجميل وأدوات المكياج | مهووس للعطور","مكياج","تألقي بأفخم المكياج الأصلي من مهووس. اكتشفي تشكيلة واسعة من مستحضرات التجميل وأدوات المكياج الاحترافية من أشهر الماركات العالمية. تسوقي الآن لإطلالة لا تُنسى!"
"العطور","لا","","لا","لا","لا","أفضل العطور العالمية | عطور نسائية ورجالية وأطفال أصلية | مهووس للعطور","العطور","اكتشف تشكيلة واسعة من أفخم العطور العالمية في مهووس. تسوق عطور نسائية، رجالية، أطفال، وعطور نيش من أشهر الماركات بضمان الأصالة. عبّر عن شخصيتك بعطر فريد!"
"عطور رجالية رسمية","نعم","عطور رجالية","لا","لا","لا","عطور رجالية رسمية | أفضل عطور العمل والمناسبات | مهووس للعطور","رسمي-رجالي","اختر عطر رجالي رسمي من مهووس لتكمل أناقتك. تشكيلة مميزة لأفضل عطور العمل، المقابلات، والمناسبات الرسمية التي تمنحك حضوراً قوياً وثقة لا متناهية."
"عطور التستر رجالية","نعم","عطور التستر","لا","لا","لا","عطور التستر الرجالية الأصلية في السعودية - مهووس العطور | عطور التستر أصلي للرجال","تستر-رجالية","اكتشف أفضل عطور التستر الرجالية الأصلية في متجر مهووس العطور. نقدم لك مجموعة رائعة من العطور الأصلية الرجالية التي تتميز بروائح جذابة وفاخرة تدوم طويلاً."
"عطور نسائية جذابة","نعم","عطور نسائية","لا","لا","لا","عطور نسائية جذابة | اكتشفي عبير الأنوثة الساحر 2025 | مهووس للعطور","عطور-نسائية-جذابة","اختاري عطرك النسائي الجذاب من مهووس. اكتشفي مجموعة ساحرة من العطور التي تزيد من جاذبيتك وتترك انطباعاً لا يُنسى. عطور ثابتة وفواحة لكل امرأة!"
"عطور رجالية","نعم","العطور","لا","لا","لا","عطور رجالية فخمة | أفضل العطور الرجالية الثابتة والجذابة 2025 | مهووس للعطور","عطور-رجالية","اكتشف أروع العطور الرجالية الفاخرة والثابتة في مهووس. تشكيلة حصرية من أحدث العطور الرجالية الجذابة لجميع الأذواق والماركات العالمية. تميز بحضور لافت!"
"عطور النيش رجالية","نعم","عطور النيش","لا","لا","لا","عطور النيش رجالية | أفخم عطور نيش رجالية أصلية وحصرية | مهووس للعطور","عطور-النيش-رجالية","اكتشف أروع عطور النيش الرجالية الفاخرة والنادرة في مهووس. تسوق أفخم عطور نيش للرجال من دور عالمية، لتجربة عطرية لا مثيل لها تعكس شخصيتك المتفردة."
"عطور الجسم","نعم","للشعر والجسم","لا","لا","لا","عطور الجسم | أفضل معطرات جسم و بودرة جسم فاخرة | مهووس","عطور-الجسم","اكتشفي عطور الجسم في مهووس تسوقي افضل معطرات الجسم وبودرة الجسم المعطرة التي تمنح بشرتك رائحة آسرة وانتعاشا يدوم"
"للنساء","نعم","العطور الأكثر مبيعاً","لا","لا","لا","افضل عطور نسائية مبيعا في مهووس | عطور نسائية رائدة ومشهورة","للنساء","اكتشفي افضل عطور نسائية مبيعا في مهووس تسوقي عطور نسائية رائدة ومشهورة عالميا التي حازت على اعجاب الالاف من النساء"
"بدائل العطور النيش","نعم","بدائل العطور","لا","لا","لا","بدائل العطور النيش | أفضل عطور نيش طبق الأصل ومستوحاة | مهووس للعطور","بدائل-العطور-النيش","اكتشف بدائل عطور النيش الفاخرة في مهووس. تسوق أفضل عطور نيش طبق الأصل والمستوحاة من أندر الماركات العالمية بأسعار لا تضاهى."
"عطور فرمونية رجالية","نعم","عطور فرمونية","لا","لا","لا","عطور فرمونية رجالية | أفضل عطر فرموني رجالي جذاب | مهووس للعطور","عطور-فرمونية-رجالية","اكتشف عطور مهووس الفرمونية الرجالية الأصلية. اختر عطرك الفرموني الرجالي الجذاب الذي يعزز كاريزمتك وثقتك ويترك انطباعاً ذكورياً لا يُنسى."
"عطور نسائية قديمة","نعم","عطور قديمة","لا","لا","لا","عطور نسائية قديمة | أفخم العطور النسائية الكلاسيكية النادرة | مهووس للعطور","عطور-نسائية-قديمة","اكتشفي سحر العطور النسائية القديمة والنادرة في مهووس. تسوقي أفضل العطور النسائية الكلاسيكية الأصلية التي تعكس الأناقة الخالدة والرقي الأصيل."
"معطرات مفارش","نعم","معطرات المنازل","لا","لا","لا","معطرات مفارش - رائحة فاخرة ومريحة للمفروشات | مهووس العطور","معطرات-مفارش","اكتشف معطرات المفارش من مهووس العطور، التي تمنح مفروشاتك رائحة منعشة تدوم طويلاً. اختر من مجموعة متنوعة من المعطرات الفاخرة والمناسبة لجميع الأذواق."
"مجموعات عطور نسائية","نعم","مجموعات وأطقم هدايا","لا","لا","لا","مجموعات عطور نسائية | أفضل اطقم عطور هدايا للنساء | مهووس","مجموعات-عطور-نسائية","اكتشفي مجموعات عطور نسائية في مهووس. تسوقي اطقم عطور نسائية فاخرة ومميزة، مثالية لتقديمها كهدية راقية في جميع المناسبات."
"عطور أطفال مميزة","نعم","عطور الأطفال","لا","لا","لا","عطور أطفال مميزة | أفضل عطور الأطفال الفاخرة والفريدة | مهووس للعطور","عطور-اطفال-مميزة","اكتشف عطور الأطفال المميزة في مهووس. تشكيلة حصرية من العطور الفاخرة والآمنة التي تضفي على طفلك لمسة فريدة ورائحة لا تُنسى. هدايا مثالية!"
"عينات عطور رجالية","نعم","عطور عينات ميني","لا","لا","لا","عينات عطور رجالية | أفضل تستر عطور رجالية أصلية | مهووس","عينات-عطور-رجالية","اكتشف عينات عطور رجالية في مهووس تسوق افضل تستر عطور رجالية اصلية ومخفضة من اشهر الماركات العالمية لتعزز تميزك بذكاء"
"بخور فاخر","نعم","العود و البخور","لا","لا","لا","بخور فاخر - روائح ساحرة للأجواء المنزلية | مهووس العطور","بخور-مهووس","اكتشف البخور الفاخر من مهووس العطور، الذي يمنحك تجربة عطرية مميزة وأصيلة. تتميز مجموعتنا برائحة ساحرة تدوم طويلاً، مع خيارات متعددة تناسب كافة الأذواق."
"اكسسوارات نسائية","نعم","إكسسوارات العطور","لا","لا","لا","إكسسوارات نسائية فاخرة - لمسة أنثوية من الأناقة | مهووس العطور","إكسسوارات-نسائية","اكتشفي إكسسوارات نسائية من مهووس العطور، حيث نقدم لكِ مجموعة مختارة من الأكسسوارات الفاخرة التي تضفي لمسة من الأناقة والأنوثة على إطلالتك."
"الجمال و العناية","لا","","لا","لا","لا","الجمال والعناية | مكياج، عناية بالبشرة والشعر | مهووس للعطور","جمال-وعناية","اكتشفي عالم الجمال والعناية في مهووس. تسوقي أرقى مستحضرات المكياج، منتجات العناية بالبشرة والشعر والجسم، وأجهزة التجميل من أشهر الماركات العالمية."
"العناية","نعم","الجمال و العناية","لا","لا","لا","العناية | منتجات عناية بالبشرة، الشعر، والجسم | مهووس للعطور","العناية","اكتشفي منتجات العناية بالبشرة، الشعر، والجسم في مهووس. تسوقي أرقى مستحضرات العناية الشخصية من ماركات عالمية للحفاظ على جمالكِ وصحتكِ."
"عطور النيش","نعم","العطور","لا","لا","لا","عطور النيش الفاخرة | أفخم عطور نيش أصلية وحصرية 2025 | مهووس للعطور","عطور-النيش","اكتشف عالم عطور النيش الفاخرة والنادرة في مهووس. تسوق أفخم عطور نيش أصلية وحصرية من أشهر الدور العالمية، لتجربة عطرية لا مثيل لها تعكس تميزك."
"العطور الأكثر مبيعاً","لا","","لا","لا","لا","العطور الاكثر مبيعا في مهووس | افضل العطور الرجالية والنسائية الاكثر رواجاً","العطور-الاكثر-مبيعا","اكتشف العطور الاكثر مبيعا في مهووس تسوق افضل العطور الرجالية والنسائية الرائدة والمشهورة عالميا التي حازت على اعجاب الالاف"
"النيش","نعم","العطور الأكثر مبيعاً","لا","نعم","نعم","افضل عطور النيش مبيعا في مهووس | عطور نيش فاخرة ورائدة","النيش","اكتشف افضل عطور النيش مبيعا في مهووس تسوق عطور نيش فاخرة ورائدة عالميا التي حازت على اعجاب ذوي الذوق الرفيع"
"عطور التستر نسائية","نعم","عطور التستر","لا","نعم","لا","عطور التستر نسائية | أفضل عطور التستر النسائية الأصلية والمخفضة | مهووس للعطور","عطور-التستر-نسائية","اكتشفي عطور التستر النسائية الأصلية في مهووس. تسوقي أفضل عطور التستر للنساء بأسعار مخفضة وجودة 100%. تجربة عطرية فاخرة بذكاء!"
"اكسسوارات للمنزل","نعم","إكسسوارات العطور","لا","لا","لا","إكسسوارات منزلية فاخرة - لمسة من الأناقة لمنزلك | مهووس العطور","إكسسوارات-للمنزل","كتشف إكسسوارات للمنزل من مهووس العطور، حيث نقدم لك مجموعة مختارة من الأكسسوارات المنزلية الفاخرة التي تضيف لمسة من الأناقة والفخامة إلى منزلك."
"عطور نسائية نواعم","نعم","عطور نسائية","لا","لا","لا","عطور نسائية نواعم | أفضل العطور النسائية الهادئة والرقيقة | مهووس للعطور","عطور-نسائية-نواعم","اكتشفي أرقى العطور النسائية الناعمة والرقيقة في مهووس. مجموعة مختارة من العطور الهادئة التي تمنحك إحساساً بالأنوثة والرقي دون مبالغة. مثالية لكل يوم!"
"عطور رجالية فاخرة","نعم","عطور رجالية","لا","لا","لا","عطور رجالية فاخرة | أفخم العطور الرجالية النادرة والحصرية | مهووس للعطور","عطور-رجالية-فاخرة","اكتشف أفخم العطور الرجالية الفاخرة والنادرة في مهووس. تشكيلة حصرية من أروع عطور النيش والماركات العالمية التي تعكس الأناقة والتميز المطلق."
"عطور النيش نسائية","نعم","عطور النيش","لا","لا","لا","عطور النيش نسائية | أفخم عطور نيش نسائية أصلية وحصرية | مهووس للعطور","عطور-النيش-نسائية","اكتشفي أروع عطور النيش النسائية الفاخرة والنادرة في مهووس. تسوقي أفخم عطور نيش للنساء من دور عالمية، لتجربة عطرية لا مثيل لها تعكس شخصيتك المتفردة."
"بدائل العطور رجالية","نعم","بدائل العطور","لا","لا","لا","بدائل العطور رجالية | أفضل عطور رجالية طبق الأصل ومستوحاة | مهووس للعطور","بدائل-العطور-رجالية","اكتشف بدائل العطور الرجالية في مهووس. تسوق أفضل عطور رجالية طبق الأصل والمستوحاة من أشهر الماركات العالمية، بنفس الرائحة الفاخرة وبأسعار لا تُصدق."
"عطور فرمونية نسائية","نعم","عطور فرمونية","لا","لا","لا","عطور فرمونية نسائية | أفضل عطر فرموني نسائي جذاب | مهووس للعطور","عطور-فرمونية-نسائية","اكتشفي عطور مهووس الفرمونية النسائية الأصلية. اختاري عطرك الفرموني النسائي الجذاب الذي يعزز أنوثتك وسحرك ويترك انطباعاً آسراً لا يُنسى."
"معطرات الاراضي","نعم","معطرات المنازل","لا","لا","لا","معطرات الأراضي - رائحة منعشة لأرضيات منزلك | مهووس العطور","معطرات-الأراضي","اكتشف معطرات الأراضي من مهووس العطور، التي توفر لك رائحة منعشة ونظافة للأرضيات في منزلك. مع مجموعة متنوعة من معطرات الأرضيات التي تضفي على منزلك جوًا مريحًا."
"معمول","نعم","العود و البخور","لا","لا","لا","معمول فاخر - طعم مميز لاحتفالاتك | مهووس العطور","معمول-مهووس","اكتشف المعمول الفاخر من مهووس العطور، حيث نقدم لك أشهى وأجود أنواع المعمول المصنوع بعناية، ليضيف لمسة من الفخامة إلى مناسباتك."
"مجموعات عطور اطفال","نعم","عطور الأطفال","لا","لا","لا","مجموعات عطور اطفال | أفضل اطقم عطور أطفال هدايا | مهووس للعطور","مجموعات-عطور-اطفال","اكتشف مجموعات عطور الأطفال في مهووس. تشكيلة مميزة من اطقم عطور آمنة ولطيفة، مثالية كهدية فريدة تضفي البهجة على أحبائك الصغار."
"مجموعات عطور جديده","نعم","مجموعات وأطقم هدايا","لا","لا","لا","جديد مجموعات العطور 2025 | أحدث اطقم عطور هدايا فاخرة | مهووس","مجموعات-عطور-جديدة","اكتشف أحدث مجموعات عطور الهدايا الجديدة لعام 2025 في مهووس. تصفح أجدد اطقم العطور الفاخرة والمميزة التي وصلت حديثاً. هدايا لا تُنسى!"
"بودراة الجسم","نعم","للشعر والجسم","لا","لا","لا","بودرة الجسم | أفضل بودرة جسم معطرة وفاخرة | مهووس","بودرة-الجسم","اكتشفي بودرة الجسم في مهووس تسوقي افضل بودرة جسم معطرة وفاخرة تمنح بشرتك نعومة وانتعاشا لا مثيل لهما من اشهر الماركات العالمية"
"عينات عطور نسائية","نعم","عطور عينات ميني","لا","لا","لا","عينات عطور نسائية - جربي أفخم الروائح بحجم صغير | مهووس العطور","عينات-نسائية","جربي أرقى عينات عطور نسائية من متجر مهووس العطور، بحجم ميني مثالي للتجربة أو التنقل. اختاري من بين مجموعة واسعة من العطور النسائية الفاخرة."
"عطور عربية قديمة","نعم","عطور قديمة","لا","لا","لا","عطور عربية قديمة | أفخم العطور الشرقية الكلاسيكية النادرة | مهووس للعطور","عطور-عربية-قديمة","اكتشف سحر العطور العربية القديمة والنادرة في مهووس. تسوق أفضل العطور الشرقية الكلاسيكية الأصيلة التي تعكس عبق التراث والأناقة العربية الخالدة."
"العناية الكورية","نعم","الجمال و العناية","لا","لا","لا","العناية الكورية | أفضل منتجات وماركات العناية الكورية الأصلية | مهووس للعطور","العناية-الكورية","اكتشفي سر البشرة الزجاجية مع منتجات العناية الكورية في مهووس. تسوقي أفضل منتجات العناية الكورية الأصلية، السيرومات، والأقنعة من أشهر الماركات الكورية."
"جديد مهووس","لا","","لا","لا","لا","جديد مهووس 2025 | أحدث العطور والمكياج ومنتجات العناية | تسوق وصل حديثا","جديد-مهووس","كن اول من يكتشف احدث اصدارات العطور والمكياج ومنتجات العناية في مهووس تصفح احدث مجموعات الماركات العالمية التي وصلت حديثا تميز باطلالة فريدة"
"للأطفال","نعم","العطور الأكثر مبيعاً","لا","لا","لا","افضل عطور اطفال مبيعا في مهووس | عطور اطفال آمنة ورائدة","للاطفال","اكتشف افضل عطور اطفال مبيعا في مهووس تسوق عطور اطفال آمنة ورائدة عالميا التي حازت على اعجاب الالاف من الاهالي"
"عطور الأطفال","نعم","العطور","لا","لا","لا","عطور الأطفال الآمنة | أفضل عطر للأطفال بدون كحول | مهووس للعطور","عطور-اطفال","اكتشفي تشكيلة مهووس من عطور الأطفال الآمنة والخالية من الكحول. اختاري أفضل عطر لطفلك بتركيبات لطيفة وروائح منعشة تدوم. تجربة عطرية مبهجة للصغار!"
"عطور التستر النيش","نعم","عطور التستر","لا","لا","لا","عطور التستر النيش | أفخم تستر عطور نيش أصلية ومخفضة | مهووس للعطور","عطور-التستر-النيش","اكتشف أندر عطور التستر النيش الأصلية في مهووس. تسوق أفخم تستر عطور نيش رجالية ونسائية بأسعار مخفضة جداً، لتجربة عطرية فاخرة وفريدة من نوعها."
"عطور نسائية للمناسبات","نعم","عطور نسائية","لا","لا","لا","عطور نسائية للمناسبات 2025 | أفضل عطور السهرات والزفاف | مهووس للعطور","عطور-نسائية-للمناسبات","تألقي في كل مناسبة مع عطور مهووس النسائية الفاخرة. اكتشفي أفضل عطور السهرات، الزفاف، والمناسبات الخاصة التي تضمن لك حضوراً آسراً ورائحة تدوم طويلاً."
"عطور رجالية سبورت","نعم","عطور رجالية","لا","لا","لا","عطور رجالية سبورت في السعودية - مهووس العطور | أفضل العطور الرجالية الرياضية","عطور-رجالية-سبورت","عطور رجالية سبورت | أفضل العطور الرجالية المنعشة والرياضية | مهووس للعطور"
"عطور النيش للجنسين","نعم","عطور النيش","لا","لا","لا","عطور النيش للجنسين | أفخم عطور نيش مشتركة أصلية | مهووس للعطور","عطور-النيش-للجنسين","اكتشف أروع عطور النيش للجنسين في مهووس. تسوق أفخم عطور نيش مشتركة للرجال والنساء من دور عالمية، لتجربة عطرية فريدة تناسب الجميع وتعبّر عن التميز."
"بدائل العطور نسائية","نعم","بدائل العطور","لا","لا","لا","بدائل العطور نسائية | أفضل عطور نسائية طبق الأصل ومستوحاة | مهووس للعطور","بدائل-العطور-نسائية","اكتشفي بدائل العطور النسائية في مهووس. تسوقي أفضل عطور نسائية طبق الأصل والمستوحاة من أشهر الماركات العالمية، بنفس الرائحة الفاخرة وبأسعار لا تُصدق."
"عطور فرمونية للجنسين","نعم","عطور فرمونية","لا","لا","لا","عطور فرمونية للجنسين | أفضل عطر فرموني مشترك وجذاب | مهووس للعطور","عطور-فرمونية-للجنسين","اكتشف عطور مهووس الفرمونية للجنسين. تسوق أفضل عطر فرموني مشترك للرجال والنساء لتعزيز جاذبيتكما وحضوركما. سر الثقة والإغواء للجميع!"
"بخور ذكي","نعم","العود و البخور","لا","لا","لا","بخور ذكي - تجربة عطرية مبتكرة لأجواء متجددة | مهووس العطور","بخور-ذكي","اكتشف البخور الذكي من مهووس العطور، الذي يقدم لك تقنية حديثة لخلق أجواء عطرية مبتكرة في منزلك. يتميز البخور الذكي بسهولة الاستخدام وفعاليته العالية."
"اكسسوارات للسيارة","نعم","إكسسوارات العطور","لا","لا","لا","إكسسوارات سيارات فاخرة - رفاهية وأناقة على الطريق | مهووس العطور","إكسسوارات-للسيارة","استمتع بتجربة قيادة راقية مع إكسسوارات السيارة من مهووس العطور. نقدم لك مجموعة فاخرة من معطرات السيارات، حوامل الهواتف، منظمات داخلية، ديكورات جلدية."
"عينات عطور توزيعات","نعم","عطور عينات ميني","لا","لا","لا","عينات عطور توزيعات - لمسة فاخرة في مناسباتك الخاصة | مهووس العطور","عينات-توزيعات","تميّز بتقديم عينات عطور توزيعات فاخرة من متجر مهووس العطور، مثالية للمناسبات الخاصة مثل حفلات الزواج، الملكة، التخرج، أو حتى المناسبات العائلية."
"مرطبات الجسم","نعم","للشعر والجسم","لا","لا","لا","مرطبات الجسم | أفضل لوشنات الجسم المعطرة والفاخرة | مهووس","مرطبات-الجسم","اكتشفي مرطبات الجسم في مهووس تسوقي افضل لوشنات الجسم المعطرة والفاخرة التي تمنح بشرتك ترطيبا عميقا ونعومة فائقة من اشهر الماركات العالمية"
"مجموعات عطور النيش","نعم","مجموعات وأطقم هدايا","لا","لا","لا","مجموعات عطور النيش | أفضل اطقم عطور نيش هدايا فاخرة | مهووس","مجموعات-عطور-النيش","اكتشف مجموعات عطور النيش الفاخرة في مهووس. تسوق اطقم عطور نيش حصرية ونادرة، مثالية لتقديمها كهدية راقية لعشاق التميز والذوق الرفيع."
"عطور ميني اطفال","نعم","عطور الأطفال","لا","لا","لا","عطور ميني اطفال | أفضل العطور المصغرة الآمنة للأطفال | مهووس للعطور","عطور-ميني-اطفال","اكتشف عطور الميني للأطفال في مهووس. تشكيلة من العطور المصغرة الآمنة واللطيفة، مثالية للحمل أو كهدية صغيرة تبهج طفلك برائحة مميزة."
"عطور فاخرة نادرة","نعم","عطور قديمة","لا","نعم","لا","عطور فاخرة نادرة | أفخم العطور الحصرية ومحدودة الإصدار | مهووس للعطور","عطور-فاخرة-نادرة","اكتشف عطور مهووس الفاخرة والنادرة جداً. تسوق أرقى العطور الحصرية ومحدودة الإصدار التي يبحث عنها هواة جمع العطور والباحثون عن التفرد المطلق."
"شموع معطرة","نعم","معطرات المنازل","لا","لا","لا","شموع معطرة - روائح مميزة لجو منزلك | مهووس العطور","شموع-معطرة","اكتشف الشموع المعطرة من مهووس العطور التي تضفي جوًا دافئًا ومنعشًا على منزلك. اختر من بين مجموعة متنوعة من الشموع الفاخرة المعطرة التي تملأ المكان برائحة فريدة."
"اجهزة العناية والتصفيف","نعم","الجمال و العناية","لا","لا","لا","اجهزة العناية والتصفيف | أفضل أجهزة التجميل والعناية بالبشرة والشعر | مهووس للعطور","اجهزة-العناية-والتصفيف","اكتشفي أحدث اجهزة العناية والتصفيف في مهووس. تسوقي أفضل أجهزة تصفيف الشعر، العناية بالبشرة، وأجهزة التجميل المنزلية من الماركات العالمية لنتائج احترافية."
"عطور التستر","نعم","العطور","لا","لا","لا","عطور التستر الأصلية | أفضل عطور التستر بأسعار مخفضة | مهووس للعطور","عطور-التستر","اكتشف عطور التستر الأصلية في مهووس. تسوق أفضل عستر عطور نسائية ورجالية بأسعار مخفضة وجودة 100%. تجربة عطرية فاخرة بتكلفة أقل!"
"فرمونية","نعم","العطور الأكثر مبيعاً","لا","لا","لا","افضل عطور فرمونية مبيعا في مهووس | عطور فرمونية جذابة ورائدة","فرمونية","اكتشف افضل عطور فرمونية مبيعا في مهووس تسوق عطور فرمونية جذابة ورائدة عالميا تعزز حضورك وثقتك"
"عروض مهووس","لا","","لا","لا","لا","عروض مهووس الحصرية | خصومات على العطور والمكياج ومنتجات العناية | تسوق الآن","عروض-مهووس","لا تفوت عروض مهووس الحصرية على تشكيلة واسعة من العطور والمكياج ومنتجات العناية الفاخرة اغتنم افضل الخصومات والتخفيضات الآن!"
"عطور قديمة","نعم","العطور","لا","لا","لا","عطور قديمة ونادرة | أفضل العطور الكلاسيكية الأصلية | مهووس للعطور","عطور-قديمة","اكتشف سحر العطور القديمة والنادرة في مهووس. تسوق أفضل العطور الكلاسيكية الأصلية من زمن الأناقة الخالدة. استرجع عبير الذكريات بلمسة فخمة!"
"مجموعات وأطقم هدايا","لا","","لا","لا","لا","مجموعات وأطقم هدايا العطور والمكياج | أفضل اطقم هدايا فاخرة | مهووس","مجموعات-و-اطقم-هدايا","اكتشف أروع مجموعات وأطقم هدايا العطور والمكياج في مهووس. تسوق اطقم هدايا فاخرة ومميزة تناسب جميع المناسبات وتضفي لمسة من الرقي."
"بدائل","نعم","العطور الأكثر مبيعاً","لا","لا","لا","افضل بدائل العطور مبيعا في مهووس | عطور طبق الاصل ورائدة","بدائل","اكتشف افضل بدائل العطور مبيعا في مهووس تسوق عطور طبق الاصل ورائدة عالميا حازت على اعجاب الالاف بقيمتها العالية"
"عطور فرمونية","نعم","العطور","لا","لا","لا","عطور فرمونية للجنسين | أفضل عطر فرموني نسائي ورجالي جذاب | مهووس للعطور","عطور-فرمونية","اكتشف عطور مهووس الفرمونية الأصلية للرجال والنساء. اختر عطرك الفرموني الجذاب الذي يعزز جاذبيتك ويترك انطباعاً لا يُنسى. سر الثقة والإغواء!"
"للشعر والجسم","لا","","لا","لا","لا","عطور الجسم والشعر | افضل معطرات الشعر وعطور الجسم الفاخرة | مهووس","عطور-الجسم-والشعر","اكتشف عطور الجسم والشعر الفاخرة في مهووس تسوق افضل معطرات الشعر وعطور الجسم وبودرة الجسم المعطرة من اشهر الماركات العالمية لتجربة حسية راقية"
"مجموعات و هدايا","نعم","العطور الأكثر مبيعاً","لا","نعم","نعم","افضل مجموعات عطور هدايا مبيعا في مهووس | اطقم عطور رائجة","مجموعات-و-هدايا","اكتشف افضل مجموعات عطور هدايا مبيعا في مهووس تسوق اطقم عطور رائجة عالميا حازت على اعجاب الالاف لهدايا فاخرة"
"عطور عينات ميني","لا","","لا","نعم","لا","عطور ميني وعينات | أفضل عينات عطور و عطور ميني فاخرة | مهووس","عطور-ميني-وعينات","اكتشف عطور ميني وعينات في مهووس تسوق افضل عينات عطور و عطور ميني فاخرة لتجربة الروائح قبل الشراء بأسعار لا تُصدق"
"بدائل العطور","نعم","العطور","لا","لا","لا","بدائل العطور | أفضل عطور طبق الأصل ومستوحاة | مهووس للعطور","بدائل-العطور","اكتشف بدائل العطور من مهووس. تسوق أفضل العطور طبق الأصل والمستوحاة من أشهر الماركات العالمية، بنفس الرائحة الفاخرة وبأسعار لا تضاهى."
"عطور الجسم والشعر","نعم","العطور الأكثر مبيعاً","لا","لا","لا","عطور الجسم والشعر | افضل معطرات الشعر والجسم مبيعا | مهووس للعطور","عطور-الجسم-والشعر","اكتشف عطور الجسم والشعر الاكثر مبيعا في مهووس تسوق معطرات شعر وجسم رائجة عالميا تمنحك انتعاشا يدوم طويلا"
"معطرات المنازل","لا","","لا","لا","لا","معطرات المنازل - روائح منعشة وفاخرة لبيتك | مهووس العطور","معطرات-المنازل","اكتشف معطرات المنازل من مهووس العطور، التي تمنح منزلك رائحة منعشة وفاخرة. اختر من مجموعة متنوعة من المعطرات الأصلية التي تساهم في خلق جو مريح ومناسب."
"العود و البخور","لا","","لا","لا","لا","العود والبخور - روائح أصيلة وفاخرة لمنزلك | مهووس العطور","العود-والبخور","اكتشف العود والبخور الفاخر من مهووس العطور، الذي يمنحك تجربة عطرية أصيلة وفاخرة. اختر من بين مجموعة متنوعة من العود والبخور الذي يملأ منزلك برائحة دافئة."
"إكسسوارات العطور","لا","","لا","لا","لا","إكسسوارات العطور - رفاهية إضافية لأناقتك | مهووس العطور","إكسسوارات-العطور","اكتشف إكسسوارات العطور من مهووس العطور التي تضيف لمسة من الفخامة لأدواتك العطرية. لدينا مجموعة مختارة من القوارير، العلب، والمراكيب الفاخرة التي تعزز من تجربة العطور."
"تغليف هدايا","لا","","لا","لا","لا","تغليف هدايا عطور فاخر | مهووس","taghlieef-hadaya","اجعل هديتك مميزة مع خدمة تغليف الهدايا الفاخرة من مهووس للعطور في السعودية. تغليف أنيق ومناسب لجميع المناسبات."
